,BTree,DynamicPGM,LIPP
fb,1.46993,0.8494723333333333,13.487993333333335
osmc,1.64068,0.9482856666666667,10.447483333333333
books,1.4767299999999999,0.9350499999999999,17.526466666666668
