,BTree,DynamicPGM,LIPP
fb,1.0588776666666666,6.191556666666666,1.378252
osmc,1.0317553333333331,5.331676666666667,0.9331856666666667
books,1.084275,6.123666666666668,2.29102
