,BTree,DynamicPGM,LIPP
fb,1.5455100000000002,0.4710666666666667,349.263
osmc,1.8261666666666667,0.455163,253.16813333333334
books,1.5717733333333335,0.5302943333333333,358.7726666666667
