,BTree,DynamicPGM,LIPP
fb,1.6936866666666666,1.7966433333333331,358.30033333333336
osmc,2.06324,1.80427,307.0953333333334
books,1.6896799999999998,1.9470133333333333,361.3503333333333
